url,title,description,type
/blog/have-you-considered-not-going-to-school,"""Have you considered not going to school?""",A former teacher's first question to struggling students: 'Have you considered not going to school?' How 70% of families found an exit ramp. PLUS: Two paths for families with no alternatives.,daily
/blog/mommy-did-you-get-distracted-too,"""Mommy, did you get distracted too?""",A first grader came home with an hour of homework on day two. His question broke his mom's heart. PLUS: A simple tool that actually helps.,daily
/blog/conditioning-vs-education,#030 - Conditioning vs. Education,Humans are born learners. How can we foster kids' curiosity in ways that let them grow?,daily
/blog/weekly-roundup-mostwatched-lesson-never-learned,#031 - Weekly Roundup: The Most-Watched Lesson Never Learned,"1 thought, 1 trend and 1 tool to carry you through to the weekend",daily
/blog/new-success-formula-teens,#032 - The new success formula for teens,"A lightbulb moment, Jay-Z's new philanthropic push, and math programs for the masses",daily
/blog/thoughttrendtool-tldr-tuesday-edition,#033 - Thought‚ÄìTrend‚ÄìTool: Tl;dr Tuesday edition,"From sandwich stands to AI tutors and hands-on learning to the future of education. Plus, 25 ways to socialize your kids outside of a classroom.",daily
/blog/pandemic-pods-kaipods-ipods,"#034 - Pandemic Pods, KaiPods, and iPods",From portable music to portable classrooms. How education is stepping out of the box (and into the pod).,daily
/blog/taste-feel,#035 - Taste it. Feel it. Do it.,PODCAST: Mark Hyatt of Falcon AeroLab is on a mission to get kids in the sky.,daily
/blog/weekly-roundup-the-new-success-formula-for-teens,#036 - Weekly Roundup: The new success formula for teens,"Curiosity beats curriculum. Explore how teens can thrive with hands-on projects, rethinking risk, and rising alternatives like pandemic pods and microschools.",daily
/blog/obsessive-interest-can-be-a-superpower,#037 - Obsessive interest can be a superpower,"The value of ""deep dives,"" the State of the American Student, and a fun game to play at the beach",daily
/blog/how-to-start-a-business-with-no-ideas,#038 - How to start a business (with no ideas),"Becoming a ""problem detective"" ‚Äì plus: Aiden Prout's $150,000 idea and our ultimate guide to marketing yourself",daily
/blog/saying-yes-cupcakes-recipe-for-success,#039 - Saying 'yes' + cupcakes = recipe for success,The surprisingly delicious connection between baking and STEM education,daily
/blog/040---how-to-encourage-reluctant-readers,#040 - How to encourage reluctant readers,Reading rebels and academic prodigies ‚Äì nurturing learners at every age,daily
/blog/from-dyslexic-dropouts-to-doctoral-degrees-at-17,#041 - From dyslexic dropouts to doctoral degrees at 17,"From a dyslexic dropout turned top chef to teen PhDs and student entrepreneurs‚Äîthis issue celebrates saying yes, deep-focus learning, and hands-on STEM.",daily
/blog/what-parents-and-teens-think-about-screen-time,#042 - What parents and teens think about screen time,"‚ÄúApple Vision Pro. Like, what even is that?‚Äù",daily
/blog/the-miracle-ingredient-in-any-environment,#043 - The miracle ingredient in any environment,Mark Hyatt on trust. Plus: the danger of comparisons and sensory processing in neurodivergent kids,daily
/blog/the-cliffhanger-technique-for-read-alouds,#044 - The cliffhanger technique for read-alouds,"Two kinds of memory, an update on standardized testing, and a read-aloud method to keep your kids on the edge of their seat",daily
/blog/yes-you-are-qualified-to-teach-your-child,"#045 - Yes, you are qualified to teach your child",Matt & Isaac answer your questions on the OpenEd podcast,daily
/blog/of-screen-time-and-cliffhangers,#046 ‚Äì Of Screen time and cliffhangers,"This week on OpenEd Daily: trust as the key to high-stakes learning, memory that builds understanding, Gen Z‚Äôs tech skepticism, testing ‚Äúshell games,‚Äù and fresh tools for nature, sensory needs, and re",daily
/blog/beyond-mere-choice,#047 - Beyond mere choice,"Having choices in education is important, especially informed choices",daily
/blog/from-moon-head-to-main-character,#048 - From Moon Head to Main Character,"When less (parenting) is more, the new success metrics, and the return of Mac Tonight",daily
/blog/the-necessary-humility-of-open-education,#049 - The (necessary) humility of Open Education,"When to check your ego, plus: are traditional high schools finally getting the memo?",daily
/blog/the-paradox-of-sacrifice,#050 - The paradox of sacrifice,The growing appeal of outdoor education in an age of comfort and screens,daily
/blog/the-10-minute-rule,#051 ‚Äì The 10-minute rule,The value of alternating between intense focus and focused breaks - and much more.,daily
/blog/i-wish-school-had-taught-me-that,"#052 - ""I wish school had taught me that""",50CAN's 'State of Educational Opportunity' report has arrived and it does not disappoint,daily
/blog/why-your-gpa-might-not-matter-anymore-according-to-google,#054 - Why your GPA might not matter anymore (according to Google),"The formula for fulfilling work, ADHD parenting summit, and some #facts about GPA",daily
/blog/how-do-i-know-if-we-re-learning-anything-without-grades-standardized-tests,#055 - How do I know if we're learning anything without grades/standardized tests?,Challenging the assumptions behind standardized testing,daily
/blog/weekly-roundup,#057 - Weekly Roundup,"From mid-year enrollment to modern learning debates, this edition covers the real issue behind screen time, why standardized tests fall short, and career-readiness gaps.",daily
/blog/058---how-to-get-your-child-to-take-you-seriously-as-the-teacher,#058 - How to get your child to take you seriously as the 'teacher',"Flexibility, Blurry Education Lines, and Teaching Tips from /r/homeschool",daily
/blog/you-don-t-need-to-find-the-right-curriculum,#060 - You don‚Äôt need to find the ‚Äúright‚Äù curriculum,"A radical idea from our latest podcast guest, plus the new helicopter parents and some tips on reading.",daily
/blog/the-roi-of-personalized-education,#061 - The ROI of Personalized Education,"For every five tradespeople who retire this year, two will replace them",daily
/blog/math-without-the-misery,#063 - Math (without the misery),"Learning centers find their groove, the perfectionism paradox, and a bonus meme/word of the day",daily
/blog/custom-education-for-single-and-working-parents,#064 - Custom education for single and working parents,A masterclass in opening your child's education from the Learning Division's own Sunny Simkins.,daily
/blog/doing-division-with-a-star-wars-twist,#066 - Doing division with a Star Wars twist,How Charlynn Chambers uses real-world interests to teach math; plus the benefits of year-round learning,daily
/blog/the-perfect-day-is-the-enemy-plus-a-12-year-old-built-what-d715,#067 - The perfect day is the enemy (plus: a 12-year-old built what?),"From redefining homeschool success to kids building SR-71 simulators, this edition covers thriving learning centers, Minecraft partnering with Stanford, and parent-friendly math inspiration.",daily
/blog/why-kids-who-learn-at-home-don-t-get-bullied-as-much,#068 - Why kids who learn at home don‚Äôt get bullied as much,From escaping bullies to designing your own curriculum,daily
/blog/is-your-kid-a-night-owl,#069 - Is your kid a night owl?,"The virtues of a personalized schedule and the ""two-week rule"" for any new curriculum",daily
/blog/yes-you-re-qualified-to-teach-your-kids,"#070 - Yes, you're qualified to teach your kids",You don't need a master's degree to teach addition and subtraction,daily
/blog/is-reading-a-struggle-check-for-these-signs,#071 - Is reading a struggle? Check for these signs,One mom's refusal to accept a diagnosis led to an extraordinary breakthrough...,daily
/blog/weekly-roundup-from-bullies-to-night-owls,#072 - Weekly Roundup: From Bullies to Night Owls,"This week on OpenEd Daily: educational freedom reducing bullying, a powerful dyslexia breakthrough story, confidence for parent-teachers, trends in student-designed courses and career credentials.",daily
/blog/new-post-1b5f,"#073 - What comes first, the lessons or the test?","The tutoring boom, Khan Academy's AI companion, and the 40-year quest to solve Bloom's ""2 sigma problem""",daily
/blog/try-different-not-harder,"#074 - Try Different, Not Harder","From rooftop learning sessions to computer science math credits, plus the science behind your child's attention span",daily
/blog/new-post-7ac8,#075 - How to create a high school transcript,"Roadschooling revolutionaries in Spain, and the art of translating real learning into transcripts",daily
/blog/the-four-hour-revolution,#076 - The Four-Hour Revolution,"How less time in ""school"" leads to more learning, why career counseling is broken, and the liberating truth about not ruining your kids",daily
/blog/078---education-school,#078 - Education > school,"A father's heartfelt manifesto, the truth about tech in learning, and how to make history come alive",daily
/blog/the-hidden-value-of-chores,#079 - The Hidden Value of Chores,"Why doing laundry might matter more than AP scores, teaching multiple kids without losing your mind, and the skill colleges and employers actually want (but can't measure).",daily
/blog/new-post-103c,#080 - 3 words to transform conversations with your kids,"A conversation tip from a veteran homeschool mom, why Gen Z is obsessed with aesthetics, plus a peek inside the ""teacherless"" Acton Academy model.",daily
/blog/to-shield-or-to-share-that-is-the-question,#081 - To shield or to share? That is the question.,"Why hiding your struggles from your kids might backfire, the power of trusting your parental instincts, and a free tool that turns music theory into play.",daily
/blog/new-post-f654,#082 ‚Äì Chores Before AP Scores,"Plus: 3 magic words to engage your kids, Gen Z's identity crisis, a father's manifesto, grade inflation exposed, and why sharing struggles might be good parenting",daily
/blog/is-there-life-on-mars,#083 - Is there life on MARS?,"Hybrid schools are evolving beyond part-time/home combos, the 7-hour school day myth gets debunked, plus a surprisingly simple reading hack from a Montessori expert.",daily
/blog/the-real-reason-we-assign-homework,#084 - The real reason we assign homework,"Why ""quiet children"" might not exist, a novel theory about homework, plus a treasure trove of free classical education resources that have stood the test of time.",daily
/blog/the-old-man-who-outsmarted-his-bullies,#085 - The old man who outsmarted his bullies,"When rewards kill motivation, Kentucky's education revolution, plus a home-based Montessori makeover anyone can do.",daily
/blog/the-element-of-surprise,#086 - The Element of Surprise,"A mother's love revolutionizes education, real-world learning beats textbooks by 8%, and why scientists used to mail radioactive elements (yes, really)",daily
/blog/screen-time-quality-over-quantity-spacex-s-math-revolution,#087 - Screen Time: Quality Over Quantity (+ SpaceX's Math Revolution),"A tech founder's controversial take on screen time, Sweden's surprising pivot, and how SpaceX is reinventing math education",daily
/blog/the-case-against-grammar-worksheets-and-what-to-do-instead,#088 - The case against grammar worksheets (and what to do instead),"Schools built for compliance, why letting kids walk boosts success, and the delightfully nerdy pluperfect subjunctive.",daily
/blog/when-teachers-stop-teaching,#089 - When Teachers Stop Teaching,"A veteran educator finds magic in stepping back, plus our must-read book list for home education.",daily
/blog/the-3-r-s-are-all-you-need,#090 - The 3 R's Are All You Need,"Plus, why AP tests cost so much, and how to take better notes",daily
/blog/we-are-in-kansas-anymore,#091 - We *are* in Kansas anymore,"Big news: OpenEd heads to Kansas! Plus: Sweden ditches iPads, SpaceX reinvents math class, and why letting kids walk boosts success...",daily
/blog/new-post-2be6,#092 - AI might be education's most patient assistant,Finding the balance between tech and human teaching,daily
/blog/time-isn-t-the-teacher,#093 - Time isn't the teacher,Rethinking the industrial-age obsession with classroom hours,daily
/blog/the-fastest-growing-trend-in-american-education,#094 - The fastest-growing trend in American education,"Dr. Phil features an unschooling family, plus a new brain-training app for students and adults alike.",daily
/blog/the-power-of-yes-and,"#095 - The Power of 'Yes, And'","The education buffet is open: How families are mixing homeschool, public school, and everything in between...",daily
/blog/dr-phil-just-mainstreamed-unschooling,#097 - Dr. Phil Just Mainstreamed Unschooling üòÆ,"Dr. Phil spotlights unschooling on prime time, sparking a fresh look at socialization, real learning vs seat time, and the buffet future of education.",daily
/blog/what-einstein-actually-said-about-school,#098 - What Einstein *actually* said about school,Plus: A public school's radical 1-day schedule experiment & why Outschool might be education's Netflix moment,daily
/blog/your-child-doesn-t-hate-learning-here-s-what-s-really-going-on,#099 - Your child doesn't hate learning (here's what's really going on),"How teens can explore MIT & Harvard courses for free, why physical books aren't dead, and the truth about why kids 'hate' learning...",daily
/blog/win-a-free-family-baking-kit-ends-friday,#100 - Win a FREE family baking kit! (ends Friday) üéâ,"A celebration of 100 editions + our all-time favorite thoughts, trends & tools about open education.",daily
/blog/101---when-builders-become-architects,#101 - When Builders Become Architects,"A construction worker redesigns education, MinutePhysics makes science simple, and why the public vs. private school war is finally ending.",daily
/blog/102-e747,#102 - Albert Einstein on his school and education system üí°,"Einstein hated exam-driven schooling‚Äîand many kids do too. Explore better ways to learn, plus fresh trends and top tools.",daily
/blog/boring-businesses-ftw,#103 - Boring businesses FTW,From facts that aged badly to million-dollar 'boring' businesses; Plus: a free kit for holiday break independence,daily
/blog/2025-the-year-learning-gets-personal,#104 - 2025: The Year Learning Gets Personal,"Lessons from a SpaceX educator, a NASA engineer, and the ""Super Mario Effect""",daily
/blog/new-post-fea6,#105 - Kids aren't lab rats,"Why rigid teaching scripts are backfiring, a 5-year-old math professor, and what happens when we let kids (and teachers) think for themselves.",daily
/blog/the-science-behind-movement-and-memory,#106 - The science behind movement and memory,Want your kids to remember what they learn? Let them move. Plus: The forest school revolution and a simple solution for sleep issues,daily
/blog/the-death-of-labels-in-education,#107 - The death of labels in education,"What do you call it when your kid takes math online, science at the local high school, and runs a business from home? The old labels don't fit anymore",daily
/blog/what-happened-in-2012,#108 - What happened in 2012?,"Depression, anxiety, and academic struggles all spiked around 2012 across multiple countries. The culprit wasn't what parents expected... Plus: The myth of multitasking and a smarter way to use reward",daily
/blog/12-best-homeschool-podcasts-for-personalized-education-in-2025,12 Best Homeschool Podcasts for Personalized Education in 2025,"12 best homeschool podcasts for busy parents: Listen while driving or doing chores. Get expert advice on curriculum, organization, and personalized learning.",blog
/blog/3-kids-3-different-schools-1-surprising-lesson,"3 kids, 3 different schools, 1 surprising lesson","One family, three kids, three different paths. PLUS: Why confidence beats toughness.",daily
/blog/4-post-covid-trends-reshaping-education,4 post-COVID trends reshaping education,"Explore how COVID reshaped education: post-COVID trends from Hannah Frankman, and curiosity-inviting tools‚Äîplus insights from Isaac Morehouse on the Minimalist Podcast.",daily
/blog/5-myths-keeping-your-child-from-reading-success-and-the-25-minute-solution,5 Myths Keeping Your Child From Reading Success (And the 25-Minute Solution),The Hidden Reading Crisis Every Parent Needs to Know About,podcast
/blog/5-questions-with-tuttle-twins-creator-connor-boyack,5 Questions with Tuttle Twins Creator Connor Boyack,,podcast
/blog/7-things-career-expert-ken-coleman-says-parents-get-wrong-and-how-to-fix-them,7 Things Career Expert Ken Coleman Says Parents Get Wrong (And How to Fix Them),"Stop fixing your kid's weaknesses. Ramsey Solutions expert Ken Coleman explains why the world pays for 9s and 10s, not 5s. Plus his 3-wire career framework.",podcast
/blog/5369,7 Uncomfortable Truths About Education from Award-Winning Teacher John Taylor Gatto,Why award-winning teacher John Taylor Gatto quit: The 7 hidden lessons schools really teach and how they damage children's natural curiosity and independence.,blog
/blog/homeschool-career-prep-future-proof,9 Future-Proof Career Prep Strategies for Homeschooled Teens,"Career prep for the AI age: 9 experts share alternatives to college including skilled trades, tech certifications, apprenticeships, and entrepreneurship paths.",blog
/blog/a-beginners-guide-to-microschools-the-educational-trend-growing-faster-than-homeschooling,A Beginner's Guide to Microschools ‚Äì the Educational Trend Growing Faster than Homeschooling,"Microschool revolution: 220% growth in hybrid learning as families create personalized education communities. Learn benefits, models, and how to start one.",blog
/blog/a-new-approach-to-curriculum-access,A New Approach to Curriculum Access,"OpenEd launches curriculum marketplace: Mix and match resources from top providers with pre-filled libraries, flexible ordering, and direct wallet funding.",blog
/blog/a-sneak-peek-at-the-2025-marketplace,A Sneak Peek at the 2025 Marketplace!,"You may have heard (or read!) about our new approach to curriculum access ‚Äî a dynamic marketplace of resources coming to the OpenEd platform for the 2025-2026 program year. Today, I‚Äôm thrilled to take",announcements
/blog/questions-launch-opened,A few questions about the launch of OpenEd,Where we're going,daily
/blog/a-psychologist-explains-why-your-kid-is-ignoring-you,A psychologist explains why your kid is ignoring you,"The brain is designed to hear tiger sounds, not mom's voice. Here's what to do instead. PLUS: the best homeschool science curricula.",daily
/blog/a-public-school-administrator-shares-the-truth-about-homeschooling,A public school administrator shares the truth about homeschooling,"They all turned out just fine. Better than fine, actually. PLUS: The Southwest napkin philosophy that changes everything.",daily
/blog/adhd-and-homeschooling,ADHD and Homeschooling,"When traditional classrooms fail ADHD learners, homeschooling offers freedom and focus. Explore practical insights from a mom who‚Äôs been there.",daily
/blog/an-open-education-day-in-the-life,An open education day in the life,Her daughter hated mornings. So this OpenEd mom stopped forcing them. PLUS: The AI tool replacing expensive textbooks.,daily
/blog/attention-class-of-2026,Attention Class of 2026,"For all high school students who complete the program, we‚Äôre excited to provide you with an OpenEd Certificate of Completion. The OpenEd Certificate represents the culmination of a student‚Äôs achieveme",announcements
/blog/back-to-school-boost-brain-breaks-resilient-kids,Back-to-School Boost: Brain Breaks & Resilient Kids,Why more breaks could be what your child needs to get unstuck,daily
/blog/backyard-chickens-the-ultimate-hands-on-homeschooling-project,Backyard Chickens: The Ultimate Hands-On Homeschooling Project?,"If you're looking for an educational project that combines science, math, business, construction, responsibility, and occasional moments of running through your yard screaming ""THE CHICKEN IS LOOSE!"" ",blog
/blog/backyard-chickens-the-ultimate-hands-on-homeschooling-project-2,Backyard Chickens: The Ultimate Hands-On Homeschooling Project?,"If you're looking for an educational project that combines science, math, business, construction, responsibility, and occasional moments of running through your yard screaming ""THE CHICKEN IS LOOSE!"" ",blog
/blog/best-homeschool-math-curriculum,Best Homeschool Math Curriculum,"Not a ‚Äúmath person‚Äù? Discover the best homeschool math curriculum for every learning style‚Äîmastery, visual, and adaptive.",blog
/blog/best-homeschool-science-curriculum,Best Homeschool Science Curriculum,Best Homeschool Science Curriculum | OpenEd,blog
/blog/beyond-a-to-f,Beyond A to F,"Why Roger Federer would fail school: He won only 54% of points played. Learn how competency-based education replaces rigid grading with ""mastered or not yet.""",blog
/blog/ceo-vs-gardener-what-kind-of-homeschool-parent-are-you,CEO vs. Gardener: What kind of homeschool parent are you?,Why the best homeschool parents are firing the micromanager. PLUS: A simple exercise to uncover your child's true passions.,daily
/blog/can-ai-teach-your-kid-to-think,Can AI teach your kid to think?,"Why a neuroscientist says AI speeds up learning but can't replace the human touch. PLUS: Alpha School's 2-hour AI model arrives (with a catch), and turn The Hobbit into custom coloring pages in 30 sec",daily
/blog/classical-education,Classical Education: Understanding the Model and Approach,"Discover classical education's rich history and modern revival for homeschoolers. Compare curriculum options like Great Hearts Online, Classical Conversations, and Latin programs.",blog
/blog/coach-meg-thomas-how-i-built-a-self-managing-homeschool-of-7-kids-with-the-successful-six,"Coach Meg Thomas: How I Built a Self-Managing Homeschool of 7 kids with the ""Successful Six""","When homeschool feels overwhelming, the solution isn't more curriculum or better scheduling ‚Äî it's building a family culture where children learn to manage themselves. Veteran homeschool mom Meg Thoma",blog
/blog/college-and-career-advice-for-teens-with-rose-ybaben-and-danielle-rose,College and Career Advice for Teens with Rose Ybaben (ft. Danielle Randall),5 Counterintuitive Truths About Post-High School Planning That Most Parents Miss,podcast
/blog/college-dropout-becomes-billionaire-again,College dropout becomes billionaire (again),Figma founder Dylan Field becomes 4th Thiel Fellowship billionaire dropout. Explore 7 alternative career paths that skip college and build real-world skills.,daily
/blog/college-for-all-is-breaking-what-replaces-it,College-for-All Is Breaking. What Replaces It?,"Education experts Michelle Rhee and Michael Horn discuss career alternatives to college, apprenticeships, and preparing teens for tomorrow's job market.",podcast
/blog/coming-soon-openeds-new-platform,Coming Soon: OpenEd‚Äôs New Platform!,,blog
/blog/confession-played-lego-instead-math,Confession: I played with LEGO instead of doing math,"How ""wasting time"" with plastic bricks shaped my future (and why it's okay if your kid hates Saxon Math)",daily
/blog/create-before-you-consume,Create Before You Consume,"Isaac Morehouse‚Äôs ‚Äúmake something before you watch something‚Äù rule, Brian Ray‚Äôs latest research, and 10 YouTube channels that justify screen time.",daily
/blog/deep-dive-classical-education-explained,Deep Dive: Classical Education Explained,,daily
/blog/deep-dive-how-to-start-homeschooling-with-confidence,Deep Dive: How to Start Homeschooling With Confidence,Learn how to start homeschooling with confidence even if you're scared or new. Overcome the 5 biggest homeschool fears with practical tips from experienced mom and coach Meg Thomas.,daily
/blog/deschooling-vs-unschooling,Deschooling vs. Unschooling,"Hannah Frankman (@RebelEducator) on 'deschooling' plus 5 philosophical ""razors"" to sharpen your critical thinking",daily
/blog/dispelling-dyslexia-myths-with-the-science-of-reading,Dispelling Dyslexia Myths with the Science of Reading,"Reading specialists Kris Vassel and Jamie Lesko debunk misconceptions around dyslexia, and explain why early intervention can change everything",podcast
/blog/the-wasted-years-of-music-lessons-and-why-they-matter,Don‚Äôt Quit Music Lessons Just Because Your Kid Won‚Äôt Practice,"Deborah Pratt of SO School of Music reframes the ‚Äúpractice or quit‚Äù mindset, explaining why just showing up to lessons builds brains, identity, and lifelong musical skill.",podcast
/blog/dyslexia-guide-two-hour-school-days-and-a-71b-dropout,"Dyslexia guide, two-hour school days, and a $71B dropout",,daily
/blog/education-needs-a-software-update,Education needs a software update,"Why education is an operating system, not a game show. Plus: the $10M discovery about friendship, and what your kid's video game obsession is actually telling you.",daily
/blog/einstein-had-a-tutor,Einstein had a tutor?,"Why ""experts"" tell parents their kids should slow down‚Äîand what Einstein's tutor teaches us. PLUS: Self-paced STEM learning for advanced learners.",daily
/blog/episode-005-she-almost-gave-up-on-education,Episode 005 - she almost gave up on education,"Hear OpenEd VP of Learning Andrea Fife‚Äôs journey from burnout and college dropout to personalized-learning champion, and why open education helps every kid find a path that fits.",podcast
/blog/episode-006-deschooling-your-mind-with-hannah-frankman,Episode 006 - Deschooling Your Mind with Hannah Frankman,Most classroom time is wasted. Hannah Frankman shows the hidden harms of schooling and shares mental models to deschool your mind.,podcast
/blog/episode-007-5-building-blocks-of-open-education-with-isaac-morehouse,Episode 007 - 5 Building Blocks of Open Education with Isaac Morehouse,Why open education works: Isaac Morehouse shares five foundational ideas‚Äîfrom human curiosity to real-world application‚Äîon the OpenEd podcast.,podcast
/blog/episode-008-mark-hyatt,Episode 008 - MARK HYATT,Hands-on aviation learning with Mark Hyatt of Falcon Aerolab,podcast
/blog/episode-009-daniella-park-of-baketivity,Episode 009 - Daniella Park of Baketivity,The Surprising Connection Between Baking and STEM Education,podcast
/blog/episode-010-relax-and-trust-the-process,Episode 010 - Relax and trust the process,"Our first OpenEd Q&A tackles parents‚Äô biggest worries: freedom vs prep, learning without grades, screen time, reading, and finding passions.",podcast
/blog/episode-011-unplugged-and-unafraid-the-nature-kids-connection,Episode 011 - Unplugged and Unafraid: The Nature Kids Connection,The nature kids join the OpenEd podcast,podcast
/blog/episode-012-kerry-mcdonald-on-liberating-education,Episode 012 - Kerry McDonald on Liberating Education,"Kerry McDonald explains why alternative education is booming‚Äîpandemic shifts, school choice, micro-schools, and tech fueling a new learning ecosystem.",podcast
/blog/episode-013-sidekick-to-hero-joey-mascio-on-empowering-teens-through-self-development,Episode 013 - Sidekick to Hero,Joey Mascio on Empowering Teens Through Self-Development,podcast
/blog/episode-014-stop-outsourcing-your-childs-education,Episode 014 - Stop Outsourcing Your Child's Education,Matt Beaudreau on Taking Back Control,podcast
/blog/episode-015-the-single-mom-who-fixed-her-kids-education-without-leaving-public-school,Episode 015 - The Single Mom Who Fixed Her Kid's Education (Without Leaving Public School),Sunny Simkins on customizing education as a single-parent,podcast
/blog/episode-016-how-to-transform-everyday-moments-into-powerful-learning-experiences-with-charlynn-chambers,Episode 016 ‚Äì How to Transform Everyday Moments into Powerful Learning Experiences,When Education Becomes Life with Parent Ambassador Charlynn Chambers,podcast
/blog/episode-017-from-classroom-teacher-to-homeschool-mom,Episode 017 - From Classroom Teacher to Homeschool Mom,Jamie Lesko on Finding Your Family's Educational Cocktail,podcast
/blog/episode-018-is-it-really-dyslexia-why-your-childs-reading-struggles-might-be-vision-related,Episode 018 - Is It Really Dyslexia?,Why Your Child's Reading Struggles Might Be Vision-Related with Krystle Cordingley,podcast
/blog/episode-019-qa-adhd-social-skills-making-hard-choices-in-alternative-education,"Episode 019 ‚Äì Q&A: ADHD, Social Skills, & Making Hard Choices in Alternative Education","With Special Guest Andrea Fife, ADHD Education Specialist",podcast
/blog/episode-020-the-secret-to-not-ruining-your-homeschool-kids-veteran-moms-20-year-journey,Episode 020 - The Secret to Not Ruining Your Homeschool Kids | Veteran Mom's 20-Year Journey,"Featuring Sandy Grant, Homeschool Mother of Six",podcast
/blog/episode-021-why-we-left-school-the-red-flags-she-wishes-she-saw-earlier,Episode 021 - Why We Left School (The Red Flags She Wishes She Saw Earlier),Featuring Cassie Shepard of Home Centered Learning,podcast
/blog/episode-022-how-this-working-mom-ditched-homework-transformed-her-kids-education,Episode 022 - How This Working Mom Ditched Homework &amp; Transformed Her Kids' Education,"Featuring Keri Mae, Former Public School Teacher",podcast
/blog/episode-023-the-apogee-approach-to-modern-education-a-former-teachers-journey-to-microschooling,Episode 023 - The Apogee Approach to Modern Education: A Former Teacher's Journey to Microschooling,"After 12 years in public education, Peggy couldn't ignore what her training in human development was telling her - the system wasn't working for kids. Now running Apogee Utah, she shares how giving ch",podcast
/blog/4874,Episode 023 - The Apogee Approach to Modern Education: A Former Teacher's Journey to Microschooling,"After 12 years in public education, Peggy couldn't ignore what her training in human development was telling her - the system wasn't working for kids. Now running Apogee Utah, she shares how giving ch",podcast
/blog/episode-024-why-poor-parents-trust-schools-more-than-rich-ones-do-derrell-bradford,Episode 024 - Why Poor Parents Trust Schools More Than Rich Ones Do | Derrell Bradford,"What 20,000 Families Revealed About America's Schools",podcast
/blog/finding-your-childs-superpower,Finding Your Child's Superpower: Why 'Average' Students Need Specialized Attention,"Charter school founder Mike Goldstein reveals education's blind spot: Schools have programs for struggling students and gifted kids, but the vast middle‚Äîthe ""average"" students‚Äîget nothing. Here's why ",podcast
/blog/free-homeschool-curriculum-the-opened-complete-guide-to-quality-resources-on-a-budget,Free Homeschool Curriculum: The OpenEd Complete Guide to Quality Resources on a Budget,"Free homeschool curriculum that works. Complete guide to quality math, science, and language arts resources proven by families.",blog
/blog/benton-crane-from-viral-ads-to-young-washington,From Viral Ads to Revolutionary Education: A Conversation with Benton Crane,"The producer of the upcoming Young Washington movie gives advice to young people on how to overcome failure, and get past the gatekeepers to succeed in 2025 and beyond.",podcast
/blog/fund-families-not-systems-corey-deangelis-on-the-parent-revolution,Fund Families Not Systems: How One Simple Change Could Fix American Education,Corey DeAngelis explains how 17 states revolutionized education by letting dollars follow students instead of institutions. The parent revolution breakthrough.,podcast
/blog/have-we-been-teaching-stem-completely-backwards-the-case-for-project-based-learning,Have We Been Teaching STEM Backwards? The Case for Project-Based Learning,Jack Casdorph on why theory-first education fails and how projects spark real curiosity,podcast
/blog/he-sold-his-house-to-homeschool-in-a-300-square-foot-rv-with-3-kids,He sold his house to homeschool in a 300-square-foot RV (with 3 kids),Zach Koon traded his house for an RV classroom. PLUS: The coding bootcamp helping homeschoolers earn college credits.,podcast
/blog/homeschool-art-curriculum-opened,Homeschool Art Curriculum | OpenEd,"Comprehensive homeschool art curriculum guide by age. Teacher-tested programs, free resources, and practical tips to nurture creativity without the overwhelm.",blog
/blog/homeschool-kindergarten-curriculum,Homeschool Kindergarten Without Walls: Freedom as the Ultimate Curriculum,"Is early academics helping or hurting your child? Explore why play, freedom, and curiosity may be the true foundation of kindergarten readiness‚Äîand how to create a rich homeschool learning environment",blog
/blog/homeschooling-a-child-with-adhd,Homeschooling a Child with ADHD,Andrea Fife found out she had ADHD at 36. Here's what she wishes someone had told her about raising her sons.,blog
/blog/homeschooling-doesnt-mean-what-it-used-to,Homeschooling doesn't mean what it used to,"A 5-year-old teaches her brother to read. PLUS: Why ""homeschool"" is the wrong word now.",daily
/blog/homeschooling-year-round-without-burnout,Homeschooling year-round without burnout,"Jean Lee explains why long ‚Äúdeschooling‚Äù breaks can backfire, and how a gentle year-round rhythm prevents burnout and painful restarts.",daily
/blog/how-opened-teachers-master-the-work-from-home-juggle,How OpenEd Teachers Master the Work-From-Home Juggle,"22 teachers share battle-tested strategies for working from home with kids. Get practical tips for boundaries, schedules, and turning chaos into productivity.",blog
/blog/how-an-18-year-old-landed-a-tech-sales-job-without-a-degree,How an 18-Year-Old Landed a Tech Sales Job Without a Degree,"No degree? No problem. In this episode, Isaac sits down with 18-year-old Kade Hinkle, who landed a full-time job in B2B SaaS sales before he even graduated high school.",podcast
/blog/how-schools-fail-the-average-kid,How schools fail the average kid,Who does standardized education really fail? PLUS: A charter school's wild solution to the tutoring problem.,daily
/blog/how-to-create-a-thriving-educational-micro-community-the-complete-guide-eleyah-knight,How to Create a Thriving Educational Micro-Community: The Complete Guide | Eleyah Knight,"Educational micro-communities are transforming learning: Small groups of 5-15 students create personalized, real-world education. Get our complete startup guide.",blog
/blog/5339,How to Create a Thriving Educational Micro-Community: The Complete Guide | Eleyah Knight,"Educational micro-communities are transforming learning: Small groups of 5-15 students create personalized, real-world education. Get our complete startup guide.",blog
/blog/how-to-homeschool-without-being-the-teacher,How to Homeschool (Without Being the Teacher),"Homeschool mom Dalena Wallace shares how burnout led her to build co-ops, microschools, and a community-first approach to sustainable homeschooling.",podcast
/blog/how-to-homeschool-year-round-without-burnout,How to Homeschool Year-Round (Without Burnout),"Founder of the Academy of Chaos Jean Lee reveals why year-round homeschooling creates less stress, not more‚Äîand how one weekend of planning buys guilt-free snow days all year.",podcast
/blog/how-to-keep-your-kid-in-music-lessons-without-forcing-them-to-practice,How to Keep Your Kid in Music Lessons (Without Forcing Them to Practice),"Confession: I quit piano lessons when I was in middle school. My mom thought it would be good for me, but I lost interest. It felt forced. Looking back, I wonder what would have happened if someone ha",podcast
/blog/how-to-raise-kids-who-actually-care-about-others,How to Raise Kids Who Actually Care About Others,How One Mom Turned Compassion into a Global Mission,podcast
/blog/how-to-start-homeschooling-with-confidence-even-if-youre-scared-or-new,How to Start Homeschooling With Confidence (Even If You're Scared or New),New homeschoolers: Build confidence and overcome fears with coach Meg Thomas's proven strategies. Get practical advice for starting your homeschool journey successfully.,blog
/blog/how-to-get-a-job-without-applying-for-one,How to get a job without applying for one,How an 18-year-old landed a tech career without applying. PLUS: A playbook for the other path‚Äîgetting into college.,daily
/blog/how-to-influence-your-kid-without-controlling-them,How to influence your kid (without controlling them),Joshua Fields Millburn offers a helpful metaphor on The Minimalists podcast: You can't direct a river if you don't know which way it flows. PLUS: Learn guitar like a video game.,daily
/blog/teenage-rebellion-is-a-myth-or-it-can-be,How to reclaim your teenager's affection,"We‚Äôve accepted a cultural script that says teenagers will inevitably pull away from their parents. The eye-rolling, the slammed doors, the obsession with friends‚Äîit‚Äôs just a phase to be endured.",podcast
/blog/how-to-teach-calculus-like-a-pro-even-if-youre-not-a-math-person,How to teach calculus like a pro (even if you're not a math person),You don't need to know math to find out which tools work for YOUR kid.,daily
/blog/humans-arent-model-ts,Humans aren't Model Ts,The surprising lesson one dad learned from a $3.99 game + why educational disruption is finally happening... PLUS: Today's trivia could win you $10K (if you ignore your math professor) 3 Quick Bites: ,daily
/blog/kids-skipped-school,I Let My Kids Skip School. They Still Made Student Council.,How a speaking coach's journey from traditional schooling to educational freedom became the ultimate lesson in turning a message into a movement.,podcast
/blog/if-you-dread-back-to-school-read-this,"If you dread ""Back to School,"" read this.",You already have all the tools you need to create a rich learning environment at home. PLUS: Get 50% off the Open Education book and join our free live event.,blog
/blog/infocenter-improvements---march-2025,InfoCenter Improvements ‚Äì March 2025,We‚Äôve made two big improvements to InfoCenter that‚Äôll make it even easier to build a stress-free educational environment.,blog
/blog/is-homeschooling-the-wrong-word-were-only-home-3-hours-a-day-maecy-palkki,Is Homeschooling the Wrong Word? (We're Only Home 3 Hours a Day) | Maecy Palkki,"When most people hear ‚Äúhomeschooling,‚Äù they picture kitchen tables and worksheets, with parents mimicking traditional classrooms. But for many modern families, that couldn‚Äôt be further from reality.
""",podcast
/blog/college-degree-still-worth,Is a college degree still worth it?,College at 16? Rethinking higher ed & forging new paths.,daily
/blog/is-the-school-year-obsolete,Is the school year obsolete?,"We don't farm in the summers anymore, so why do we still follow a farmer's calendar? PLUS: Get the book for 50% off this week only.",daily
/blog/kindergarten-homeschool-curriculum,Kindergarten Homeschool Curriculum: A Guide to Freedom-Based Learning,Kindergarten Homeschool Curriculum | OpenEd,blog
/blog/matt-bowman-graded-lebron-james-like-student,Matt Bowman // What if we graded LeBron James like a student?,"Roger Federer, LeBron James, and Simone Biles would be academic underperformers. Here's why that matters for education.",daily
/blog/matt-bowman-youre-trailblazer,Matt Bowman // You're a trailblazer,(and here's why your friends need to know),daily
/blog/measure-learning-not-teaching,Measure learning; not teaching,Sal Khan's house-building analogy makes the case for mastery-based learning. PLUS: The platform for making it work.,daily
/blog/meg-thomass-3-part-framework-for-calm-homeschooling,Meg Thomas‚Äôs 3-Part Framework for Calm Homeschooling,"A veteran homeschool mom of 7 reveals the real foundation of learning: connection, routines, and environment, with simple tools for calm.",podcast
/blog/mike-rowes-case-for-career-and-technical-education,Mike Rowe's Case for Career and Technical Education,How CTE is Redefining 'Good Jobs',blog
/blog/montessori-curriculum-for-homeschooling,Montessori Curriculum for Homeschooling,"Explore the Montessori homeschool curriculum with OpenEd's comprehensive guide to materials, principles, and age-specific adaptations for authentic child-led learning at home.",blog
/blog/new-jersey-governor-enough-is-enough-114,"New Jersey Governor: ""Enough is Enough""üê¥ #114",Psychologist Jonathan Haidt on childhood fragility... and how to give new life to your dried-up Crayola markers,daily
/blog/newton-was-right-heres-the-proof,Newton was right (here's the proof),"Finally, video proof of what you memorized in 7th grade. PLUS: The workbooks kids rank above everything.",daily
/blog/no-kindle-but-here-s-another-shot-at-winning,"No Kindle, but here‚Äôs another shot at winning üéØ",Bad news first: You didn‚Äôt win the Kindle we were giving away at StoryCon. But you did unlock something pretty cool just by signing up.,daily
/blog/no-one-right-way-to-learn,No One ‚ÄúRight Way‚Äù to Learn,"Learn what‚Äôs driving the shift to open education: eclectic homeschooling ideas, the rise of parent ‚Äúcustomizers,‚Äù and a LEGO-backed study revealing kids want more hands-on, self-directed, creative lea",daily
/blog/opened-communitys-favorite-educational-resources-a-living-list,OpenEd Community's Favorite Educational Resources,A Living List,blog
/blog/opened-day-in-the-life-brettani-shannons-slow-morning-ai-powered-unit-studies-curriculum,"OpenEd Day in the Life: Brettani Shannon‚Äôs Slow-Morning, AI-Powered, Unit Studies Curriculum","A peek into one family‚Äôs intentional Open Education homeschool: 10 a.m. starts, AI-built unit studies, a flexible tech stack, and real-life learning.",blog
/blog/parenting-is-a-learning-lab,Parenting Is a Learning Lab,Matt Bowman reminds us there‚Äôs no manual for raising unique kids‚Äîand spotlights the Wichita Learning Lab built to honor that truth.,daily
/blog/deep-dive-dyslexia-resources-for-homeschool-parents,Parents Guide to Homeschooling Students with Dyslexia,Guide to Homeschooling Students with Dyslexia,daily
/blog/i-played-with-legos-instead-of-doing-math,Playing with LEGO is More Valuable than Learning Algebra,Why playing with LEGO was more valuable than algebra: A homeschooler's case for self-directed learning over forced curriculum and textbook education.,blog
/blog/quick-question,Quick question for you,From word of mouth to learning out loud,daily
/blog/raising-kids-who-lead-with-compassion,Raising kids who lead with compassion,"Kerry Owen's 22-year-old didn't want to help deliver food. She forced him. He admitted afterward: 'Actually, that was pretty fun.' PLUS: How to document service on transcripts.",daily
/blog/reading-connects-to-everything,Reading connects to everything,"33% of eighth graders read below basic. When reading fails, everything fails. Here's what would force accountability. PLUS: The high-dosage tutoring service accessible at no cost through OpenEd.",daily
/blog/roadschoolers-rebels-rooftop-classes,"Roadschoolers, Rebels & Rooftop Classes","The weekly roundup of unconventional wisdom, practical tools, and permission to teach differently",daily
/blog/science-doesnt-have-to-be-boring,Science Doesn't Have to Be Boring,Mark Rober's mission to reach one billion brains. PLUS: A $100 microscope setup that turns everyday objects into alien landscapes.,daily
/blog/almost-gave-education,She almost gave up on education,"From college dropout to leading thousands of OpenEd learners, Andrea Fife explains how personalization changes everything‚Äîalong with episode highlights and details on available Makerspace classes at T",daily
/blog/she-didnt-know-she-couldnt-do-it,She didn't know she couldn't do it,A teenager disproves a 40-year-old conjecture. Schools scramble to copy microschools. AI learns when not to help.,daily
/blog/skills-over-degrees-the-new-career-reality,Skills Over Degrees: The New Career Reality,"From career clarity for teens to AI tutors that ease learning anxiety, this issue covers Coleman‚Äôs ‚Äúthree wires,‚Äù the shift away from degrees, top resources families clicked most, and eye-opening tren",daily
/blog/small-schools-big-difference-a-primer-on-microschools,"Small Schools, Big Difference: A Primer on Microschools","Microschools combine homeschool personalization with peer learning. Find or start a microschool with 2-3 day schedules, mixed-age groups, and ESA funding.",blog
/blog/smartpath-the-ai-powered-homeschool-curriculum-finder-that-eliminates-decision-fatigue,SmartPath: The AI-Powered Homeschool Curriculum Finder That Eliminates Decision Fatigue,"The homeschool curriculum marketplace has exploded in recent years. Parents now face thousands of options across dozens of teaching philosophies, making the simple question of ""what should my child le",blog
/blog/dont-limit-screentime,Stop Limiting Your Child's Screen Time (Do This Instead),"How companies like Outschool are giving parents more options than just ""school vs. homeschool""",podcast
/blog/stop-overscheduling-your-childs-learning-matt-bowman,Stop Overscheduling Your Child's Learning | Matt Bowman,"""I'm not qualified enough."" ""What if I make the wrong choice?"" ""Can I really do this?""

These thoughts plague almost every parent considering the journey into homeschooling or open education.
‚Äì Tyler ",blog
/blog/stop-stressing-start-designing-a-mom-of-7-explains,Stop stressing. Start designing. (A mom of 7 explains),"From spa-calm homeschool spaces to kids begging for more math, this edition covers environment-first learning, Gen Z choosing clarity over alcohol, AI-era education trends, and practical tools for ind",daily
/blog/teaching-outside-classroom,Teaching outside the classroom,Meet the mom who went back to school to better support her kids' unique learning needs,daily
/blog/techsavvy-teens-will-win-future,Tech-savvy teens will win the future,And why industry isn't satisfied with the current educational system,daily
/blog/test-html,Test html,,blog
/blog/the-1-life-skill-to-turn-your-child-a-confident-learner,The #1 life skill to turn your child into a confident learner,Is cooking the solution to America's youth anxiety crisis? Katie Kimball thinks so.,podcast
/blog/the-200-year-old-trap-breaking-down-part-one-of-open-education,"The 200-Year-Old Trap: Breaking Down Part One of ""Open Education""","A conversation with Isaac Morehouse and Matt Bowman on their new book, the history of schooling, standardization, and the power of ""not yet""",podcast
/blog/the-228-iq-genius-who-warned-us-about-schools,The 228 IQ genius who warned us about schools,"How Marilyn vos Savant correctly solved the puzzle 1,000 PhDs got wrong + what it reveals about education's fatal flaw... PLUS: The Monty Hall solution revealed 3 Quick Bites: üçé How the world's highes",daily
/blog/the-5-fears-killing-your-homeschool-confidence,The 5 fears killing your homeschool confidence,,daily
/blog/the-5-real-gaps-homeschooling-creates,The 5 real gaps homeschooling creates,"The 5 real gaps homeschooling creates, the 3 skills that make you irreplaceable, and why creation beats consumption.",daily
/blog/the-6-hour-school-day-is-a-lie,The 6-Hour School Day is a Lie,A reclusive billionaire just proved it. PLUS: Why every textbook you own is now worthless.,daily
/blog/the-diploma-dilemma,The Diploma Dilemma,One parent's worry about straying from the traditional path. PLUS: When employers don't understand homeschooling (and how one grad proved them wrong).,daily
/blog/how-grading-your-childs-passion-actually-destroys-it,The Etsy Effect: How (Not) to Kill Your Child's Passions,Educational technologist Brenna Clarke Gray unpacks when external rewards replace genuine curiosity. Learn how to foster intrinsic motivation and lifelong learning in children.,podcast
/blog/the-genius-we-engineer-away,The Genius We Engineer Away,Why our obsession with credentials is systematically destroying the very thing we claim to cultivate.,podcast
/blog/the-great-phone-ban-begins-115,The Great Phone Ban begins üì± (#115),New Jersey kicks off 2025 by kicking phones out of schools. But there's a catch...,daily
/blog/the-hollywood-veterans-teaching-kids-to-break-into-film,The Hollywood Veterans Teaching Kids to Break Into Film,What Two Teachers Discovered When They Stopped Managing Childhood,podcast
/blog/the-homeschool-parents-guide-to-dyslexia-when-to-diy-vs-when-to-call-the-experts,The Homeschool Parent's Guide to Dyslexia: When to DIY vs. When to Call the Experts,"Homeschool dyslexia guide: Learn when to DIY vs. hire specialists, spot red flags, choose reading programs like Barton and Wilson, plus get expert resources.",blog
/blog/homeschool-socialization,The Homeschool Socialization Question (Let's Get Weird),"""What about socialization?"" The homeschool question every parent faces. Why age-segregated schools may harm social development more than help it.",blog
/blog/the-homeschool-to-founder-pipeline,The Homeschool-to-Founder Pipeline,"AI, edupreneurs, and brain-boosting audiobooks",daily
/blog/the-lawnmower-fallacy,The Lawnmower Fallacy,Your parents have weirdly specific ideas about success‚Äîand they're usually wrong. PLUS: Free field trip ideas that beat a week of worksheets.,daily
/blog/lost-art-of-play,The Lost Art of Play,"Why children need unstructured play, not more screen time: How microschools are engineering play back into education with 3 hours outside daily.",podcast
/blog/homeschool-gift-guide-2025,The OpenEd Holiday Gift Guide 2025,"Discover OpenEd‚Äôs 2025 Homeschool Holiday Gift Guide‚Äî10 community-tested picks that blend fun and learning, from classic building toys and STEM kits to books, outdoor gear, and teen tech.",blog
/blog/weekly-rundown-the-power-of-open-education,The Power of Open Education,5 tidbits you might have missed this week,daily
/blog/the-school-to-prescription-pipeline-ben-somers-on-how-we-medicate-kids-who-dont-fit-the-mold,The School-to-Prescription Pipeline: Ben Somers on How We Medicate Kids Who Don't Fit the Mold,"When a quarter of boys are medicated to fit the classroom, something's broken. Ben Somers was put on 70mg of Concerta at age 11‚Äînot to help him learn, but to make the system work. Now he's building th",podcast
/blog/the-weekly-rundown-learning-beyond-school,The Weekly Rundown: Learning Beyond School,3 quick tidbits you might have missed this week,daily
/blog/world-changing,The World Has Changed.,Education Is Catching Up.,blog
/blog/the-boy-who-was-supposed-to-fail,The boy who was 'supposed to' fail,Jean's neurodivergent son thrives because homeschooling freed him to find PURPOSE. Here's the framework that makes it work.,daily
/blog/the-conveyor-belt-to-nowhere,The conveyor belt to nowhere,"Why your honor student still lives in the basement. PLUS: Public schools go rogue with microschooling model, and Mario still teaches typing?",daily
/blog/end-onesizefitsall,The end of one-size-fits-all?,"Michael B. Horn on the ""unbundling"" of standardized schooling",daily
/blog/the-future-proof-career-prep-guide-for-teens,The future-proof career prep guide for teens,"Homeschool news: NYT article response, 7 future-proof career prep strategies, plus tools and trends for families choosing educational alternatives.",daily
/blog/the-math-is-broken-colleges-roi-problem,The math is broken: College's ROI problem,"Google, Apple, and Tesla have removed degree requirements. Does that mean college isn't worth it anymore? PLUS: The 6-month alternative that's creating better career outcomes without debt.",daily
/blog/opened-academy,The school that trusts parents to design their child's education,Announcing the OpenEd Academy - a virtual private school accepting nation-wide enrollment for the 2025-2026 school year.,podcast
/blog/to-diploma-or-not-to-diploma,To Diploma or Not to Diploma?,"College without a high school diploma? Yes! Learn alternative paths including early college credits, portfolios, and non-traditional routes to success.",blog
/blog/unbundling-education-and-why-it-matters,Unbundling Education (and Why It Matters),"Bite-sized brain food on the future of learning: podcast highlights with Michael B. Horn, homeschooling‚Äôs rapid rise, what ‚Äúunbundling‚Äù education means, and a magical demo of kid-powered AI coding.",daily
/blog/virtual-school-1-0-vs-2-0-spot-the-difference,Virtual school 1.0 vs 2.0 (spot the difference),"One involved Gallery View hell, the other actually works. Plus: the middle school brain window closing at 14, and why Netflix taught us more than UCLA.",daily
/blog/were-spending-billions-to-break-something-that-came-free,We're spending billions to break something that came free,Peter Gray says kids are designed to self-educate. So we spend $16K/year to stop them. PLUS: The book that started it all.,daily
/blog/students-arent-standard,Welcome to the OpenEd Daily,The world is changing. Education is catching up.,daily
/blog/what-courses-providers-are-included-in-your-opened-ufa-package,What Courses & Providers Are Included In Your OpenEd UFA Package?,"UFA recipients save $500 on OpenEd learning bundles: Premium courses, 30+ educational apps, and daily clubs. ClassWallet vendor with flexible packages.",blog
/blog/what-happens-when-a-teacher-tells-teens-to-stop-going-to-school,What Happens When a Teacher Tells Teens to Stop Going to School,"When I scheduled a podcast with Ken Danford, I expected a measured conversation about alternative education. What I got was a former public-school teacher who now spends his life inviting teens to qui",podcast
/blog/what-makes-a-thriving-homeschool-collective-cassie-tinsmon,What Makes a Thriving Homeschool Collective? | Cassie Tinsmon,How one mother is redefining education by removing the boundaries between learning and living,podcast
/blog/what-opened-families-are-searching-for-in-the-marketplace,What OpenEd families are searching for in the marketplace,"Homeschool art curricula, what to do with a kid who won't practice their instrument, and the four most popular searches in the OpenEd marketplace.",daily
/blog/what-resources-are-included-in-your-opened-ufa-package-2,What Resources Are Included In Your OpenEd UFA Package?,,blog
/blog/what-returning-families-need-to-know-for-the-25-26-school-year,What Returning Families Need To Know for the 25-26 School Year,"If your family is coming back for another year of personalized learning with OpenEd, welcome! We‚Äôre glad to serve you again!",announcements
/blog/what-is-open-education,What is Open Education?,Discover how open education is redefining learning in the 21st century. Explore the shift from rigid school systems to a flexible ‚Äúeducation operating system‚Äù.,blog
/blog/good-job,"What is a ""good job""?",Mike Rowe (the Dirty Jobs guy) thinks CTE is the Future of Education,daily
/blog/how-to-homeschool-the-open-education-way,What kind of homeschool parent are you?,"An ""Anti-How-To"" Guide to Building a Learning Framework as Unique as Your Child",podcast
/blog/what-neuroscience-tells-us-about-homeschooling-dr-claire-honeycutt,What neuroscience can teach us about homeschooling | Dr. Claire Honeycutt,"""I got tenure so they couldn't fire me, so I quit.""

‚Äì Dr. Claire Honeycutt",blog
/blog/what-the-new-york-times-got-wrong-about-homeschooling,What the New York Times got wrong about homeschooling,Why recent homeschooling coverage misses the mark: Families aren't retreating from education‚Äîthey're personalizing it across the political spectrum.,blog
/blog/what-to-do-when-your-students-dont-respect-you-michelle-rhees-story,What to Do When Your Students Don't Respect You (Michelle Rhee's Story),Lessons from Michelle Rhee's transformation from classroom disaster to education champion,podcast
/blog/what-we-get-wrong-about-socialization,What we get wrong about socialization,It's not about being around kids the same age. It's about navigating the real world. PLUS: a new way to get hired.,daily
/blog/every-august-youth-mental-health-crises-spike-every-june-they-plummet-its-not-a-coincidence,What's behind the annual spike in youth anxiety & depression,"Dr. Peter Gray reveals why children thrive with freedom, play, and self-directed learning, and how modern schooling‚Äînot smartphones‚Äîdrives anxiety and depression in teens.",podcast
/blog/when-not-to-quit-music-lessons,When (not) to quit music lessons,Why mastering something‚Äîanything‚Äîmight be the real lesson.,daily
/blog/when-math-finally-clicks-oed-109,When math finally clicks (OED #109),"One parent watched their kid go from ""I hate math"" to mastering calculus in 8 months. The secret wasn't faster teaching - it was letting them learn at their own pace. Plus: Why viral math tricks are m",daily
/blog/someone-asks-homeschool,When someone asks if you homeschool...,It's time for a new language in education,daily
/blog/when-the-smartest-person-in-the-world-called-out-our-schools,When the Smartest Person in the World Called Out Our Schools,World's smartest person Marilyn vos Savant reveals 5 education lessons from the famous Monty Hall problem: Why passive schooling kills critical thinking.,blog
/blog/when-to-worry-if-your-child-is-behind-in-reading,"When to worry if your child is ""behind"" in reading","Chad Aldeman says kids who fall behind in reading have a hard time catching up. Should you panic if your six-year-old isn't reading ""at grade level""?",daily
/blog/who-is-your-childs-best-teacher,Who is your child‚Äôs best teacher?,"Yes, you are qualified to teach your kids. How modern homeschoolers are redefining the parent‚Äôs role in education.",blog
/blog/why-bored-kids-are-winning,Why 'bored' kids are winning,Grade levels were invented for efficiency. Screen time was designed for dopamine. Here's what actually works.,daily
/blog/why-1-5-million-students-are-in-microschools-now,Why 1.5 million students are in microschools now,"This week: the grassroots microschool movement reshaping American education, the public school principal who unschooled six kids, and why mastery matters more than seat time.",daily
/blog/why-kids-hate-math--and-20-resources-to-help-fix-it,Why Kids Hate Math‚Äîand 20 Resources to Help Fix It,Kids don't hate math‚Äîthey hate how it's taught. Discover 20 play-based math tools ranked by homeschool parents to turn frustration into fascination.,blog
/blog/why-kids-lose-their-love-of-learning-and-how-to-prevent-it,Why Kids Lose Their Love of Learning (And How to Prevent It),"The natural curiosity of a child is a precious thing. Yet somewhere between early childhood and adolescence, many children lose their innate love of learning.",blog
/blog/why-middle-school-matters-more-than-college-prep-the-science-parents-are-missing,Why Middle School Matters,"New research shows middle schoolers' brains absorb information like toddlers‚Äîand parents are missing the most critical window for career exploration. Jean Eddy, CEO of American Student Assistance, exp",podcast
/blog/ray-ravaglia-online-school,Why Students Quit Online School‚ÄîUntil This Stanford Pioneer Made One Radical Change,"Ray Ravaglia created the first online AP course in 1989 and founded Stanford Online High School. After three decades of innovation, he discovered why most online education fails‚Äîand it has nothing to ",podcast
/blog/why-traditional-schools-create-dependent-learners-tyler-thigpen,Why Traditional Schools Create Dependent Learners | Tyler Thigpen,"Self-directed learning guide 2025: Why students who control their education outperform peers, plus practical steps for parents to get started today.",blog
/blog/why-your-adhd-kid-wont-listen-its-not-what-you-think,"Why Your ADHD Kid ""Won't Listen"" (It's Not What You Think)","Your ADHD child isn't ignoring you‚Äîthey literally can't hear you. Learn the brain science behind meltdowns and how to remediate cognitive weaknesses, not just accommodate them.",podcast
/blog/why-a-public-school-principal-told-me-to-homeschool-my-kids,Why a Public School Principal Told Me to Homeschool My Kids,Do homeschool kids end up with gaps in their learning? This public school administrator says otherwise.,podcast
/blog/why-are-tech-ceos-sounding-more-like-90s-homeschool-moms,Why are Tech CEOs sounding more like 90s homeschool moms?,"Why ""school switching"" is the new normal. PLUS: The one skill that beats AI, and a field guide to the education underground.",daily
/blog/why-classical-education-is-making-a-comeback,Why classical education is making a comeback,,daily
/blog/why-smart-parents-make-bad-education-choices,Why smart parents make bad education choices,Why parents choose the wrong school (it's not about the kids). PLUS: AI forces the education question no one wants to answer.,daily
/blog/why-teen-anxiety-drops-in-may-and-spikes-in-august,Why teen anxiety drops in May and spikes in August,"Mental health improves when school stops, and gets worse again in August. PLUS: The explosion of forest schools (and how to join one part-time), and a sneak peek at December clubs.",daily
/blog/why-your-best-ideas-never-come-at-a-desk-110,Why your best ideas never come at a desk ü§î (#110),New research on the link between movement and memory Plus: The viral math hack that's missing the point...,daily
/blog/why-your-kids-need-you-less,Why your kids need you... less,Lenore Skenazy on why constant supervision kills confidence. PLUS: The 40% fear floor trapping every parent.,daily
/blog/worldschooling-without-the-plane-ticket,Worldschooling Without the Plane Ticket,"Worldschooling, Free Reading App, and a Pickleball Prodigy",daily
/blog/youre-not-a-teacher-youre-an-education-designer,You're Not a Teacher. You're an Education Designer.,"When a quarter of boys are medicated to fit the system, something's broken. PLUS: Why homeschooling is now high-status in San Francisco.",daily
/blog/the-great-unbundling-virtual-school-in-the-post-covid-era,Your Kid's Screen Was Built Like a Slot Machine,"Explore how screens affect children's nervous systems with Daylight Computer founder Anjan Katta. Learn about e-ink technology creating healthier alternatives for education, ADHD support, and personal",blog
/blog/your-kids-screen-was-built-like-a-slot-machine-copy,Your Kid's Screen Was Built Like a Slot Machine,"Explore how screens affect children's nervous systems with Daylight Computer founder Anjan Katta. Learn about e-ink technology creating healthier alternatives for education, ADHD support, and personal",podcast
/blog/your-kid-will-be-weird-and-thats-okay-tk-coleman-on-the-homeschooling-socialization-question,Your kid will be weird (and that's okay) | TK Coleman on the homeschooling socialization question,"The education maverick explains why the socialization question has it all backwards""I'm going to make this an adventure school,"" she decided, creating a mobile learning environment for teens.",podcast
/blog/tldr-tuesday-100-million-views-counting,üçé  tl;dr Tuesday: 100 million views and counting... but,Sir Ken Robinson's Revolutionary TED talk is the Most-Watched Lesson Never Learned,daily
/blog/tldr-tuesday-new-science-raising-happy-kids,üçé  tl;dr Tuesday: The New Science of Raising Happy Kids,A 50+ year-long study reveals the secret sauce of parenting and educating,daily
/blog/redefining-back-to-school,"üçé Redefining ""Back-to-School""","Flexible learning, personalized spaces, and joyful traditions.",daily
/blog/great-enrollment-shuffle-tldr-tuesday,üçé The Great Enrollment Shuffle (tl;dr Tuesday),"Why we're OpenEd now, the rise of the microschooling ecosystem, and the decline of public school enrollment",daily
/blog/opened-weekly-breaking-boundaries-education,üçé The OpenEd Weekly: Breaking Boundaries in Education,3 tidbits you may have missed this week,daily
/blog/opened-weekly-lego-learning-happy-kids,üçé The OpenEd Weekly: From LEGO learning to happy kids,5 tidbits you may have missed this week,daily
/blog/opened-weekly-rethinking-education-lebron-backtoschool,"üçé The OpenEd Weekly: Rethinking Education from LeBron to ""Back-to-School""",4 tidbits you may have missed this week,daily
/blog/don-t-start-with-the-chalkboard-61df,üéôÔ∏è Don't start with the chalkboard,Learning happens outside classroom walls. PLUS: A simple observation technique eases the transition from traditional schools.,daily
/blog/001-students-arent-standard,üéôÔ∏è Episode 001 - Students Aren't Standard,It's not you. It's the curriculum.,podcast
/blog/honey-i-started-a-school-the-microschool-revolution-143,"üéôÔ∏è Honey, I Started a School: The Microschool Revolution (#143)",Regular parents are launching microschools as families flee one-size-fits-all education. Plus a 220% surge in interest and Prenda‚Äôs ‚Äúschool-in-a-box.‚Äù,daily
/blog/this-mom-turned-a-van-into-a-microschool,üéôÔ∏è This mom turned a van into a microschool,From mobile classrooms to kitchen table co-ops - the micro-community movement is changing education. PLUS: How to start your own microschool.,daily
/blog/f0-9f-8e-99-ef-b8-8f-opened-podcast-episode-002-when-someone-asks-if-you-homeschool,üéôÔ∏èEpisode 002 - When someone asks if you homeschool...,The old labels don't cut it anymore,podcast
/blog/f0-9f-8e-99-ef-b8-8fepisode-003-the-truth-about-tech-careers-in-2024-no-degree-required,üéôÔ∏èEpisode 003 - The Truth About Tech Careers in 2024 (No Degree Required),Aaron Osmond on what employers really want,podcast
/blog/f0-9f-8e-99-ef-b8-8fepisode-004-the-great-unbundling-with-michael-horn,üéôÔ∏èEpisode 004 - The End of One-size-fits-all,"Will the be an ""unbundling"" of education?",podcast
/blog/1-bestseller,üèÜ #1 bestseller!,"Plus: ""Open Education"" paperback now available! (99¬¢ ebook extended)",daily
/blog/i-m-terrible-at-math-but-need-to-teach-it-one-mom-s-solution,"üê¥ ""I'm terrible at math but need to teach it"" (one mom's solution)",Even math-phobic parents can teach with confidence using the right tools. PLUS: Raymond Moore's timeless advice on the power of parental presence.,daily
/blog/my-kid-can-t-read-yet-should-i-panic,"üê¥ ""My kid can't read yet. Should I panic?""","PLUS: A review of a $1,600+ smart whiteboard.",daily
/blog/my-kids-learned-more-when-i-backed-off,"üê¥ ""My kids learned more when I backed off""",How stepping back unlocks your child's genius. PLUS: The lighting change that calms fidgety kids overnight.,daily
/blog/no-chatgpt-until-high-school,"üê¥ ""No ChatGPT Until High School""",Today's ChatGPT panic looks remarkably similar to the calculator protests of the 1960s. What can history teach us about the tools we fear? PLUS: A reimagined gap year and free online STEM tutoring.,daily
/blog/thats-not-knowledge----mythbusters-adam-savage-goes-viral,"üê¥ ""That's not knowledge"" ‚Äî MythBusters' Adam Savage goes viral.","Adam Savage critiques standardized tests, Thiel Fellowship creates 11 billion-dollar companies, plus AI tutoring and homeschool socialization insights.",daily
/blog/tuttle-twins-author-on-the-two-modes-of-learning,üê¥ *Tuttle Twins* author on the two modes of learning,"Connor Boyack's simple analogy exposes a major flaw in the way we teach. PLUS: Kids building real businesses, not resumes.",daily
/blog/22-year-old-george-washingtons-epic-failure-it-didnt-define-him,üê¥ 22-year-old George Washington's epic failure (it didn't define him),How Young George accidentally started a world war. PLUS: A recap of the best links from the first half of 2025.,daily
/blog/3-ways-to-cut-teaching-time-in-half-without-sacrificing-results-125,üê¥ 3 ways to cut teaching time in half without sacrificing results (#125),"From skatepark physics to Hollywood filmmakers, how innovative educators are revolutionizing learning speed. Plus: Texas proposes $10k student freedom accounts, and the Math Crisis deepens.",daily
/blog/6-reasons-kids-say-they-hate-school-135,üê¥ 6 reasons kids say they 'hate school' (#135),What to tell a learner who's struggling in their school. PLUS: How one family is homeschooling for (nearly) free this year.,daily
/blog/a-stanford-student-s-take-on-ai-vs-professors-122,üê¥ A Stanford student's take on AI vs. Professors (#122),From AI outperforming professors to 2-hour school days - rethinking how (and when) real learning happens,daily
/blog/a-fresh-look-at-classical-education-133,üê¥ A fresh look at classical education (#133),What happens when classical education meets modern flexibility? Classical schools have doubled in the last decade. Plus: A new way to bring this time-tested approach home without the rigid schedule.,daily
/blog/ai-tutors-are-advancing-quickly-should-you-try-one,üê¥ AI tutors are advancing quickly: should you try one?,Discover how AI tutors are revolutionizing personalized learning and which ones families are raving about. PLUS: The surprising grammar rules we all know without ever being taught.,daily
/blog/access-75-000-free-books-without-amazon,"üê¥ Access 75,000 free books without Amazon",Jeremy Caplan reveals a treasure trove of free reading resources that expand your child's learning world without expanding your budget. PLUS: Becoming an educational architect.,daily
/blog/are-we-making-our-kids-more-anxious-by-keeping-them-safe,"üê¥ Are we making our kids more anxious by keeping them ""safe""?","The definition of anxiety is thinking there will be something scary that you won't be able to deal with."" Lenore Skenazy on why overprotection might be the real danger. Plus: How hybrid homeschool com",daily
/blog/are-we-overcomplicating-subtraction,üê¥ Are we overcomplicating subtraction?,From simple subtraction to side quests: Is math getting too complex? Plus: How to make math enjoyable again.,daily
/blog/are-we-teaching-stem-backwards,üê¥ Are we teaching STEM backwards?,An interview with Jack Casdorph and Rachael Davie on why theory-first education fails and how projects spark real curiosity,daily
/blog/breaking-writing-rules-with-purpose-127-e74d,üê¥ Baby agency + transforming screen time (#128),From infant learning to teenage tech use: new insights on student agency,daily
/blog/balancing-remote-work-and-parenting,üê¥ Balancing remote work and parenting,Teachers share the reality of WFH parenting success.,daily
/blog/bigfoot-wizard-cooking-and-a-minecraft-modding-class,"üê¥ Bigfoot, Wizard Cooking, and a Minecraft Modding Class","How Outschool.com is upending the world of alternative education (and our perception of ""screen time""). PLUS: Welcome to the era of Networked Schooling.",daily
/blog/breaking-writing-rules-with-purpose-127,üê¥ Breaking Writing Rules with Purpose (#127),"Meet Jennifer Jenkins, dyslexic turned author, plus your exclusive 15% discount to StoryCon 2024 featuring Diary of a Wimpy Kid's Jeff Kinney",daily
/blog/dave-ramsey-were-fools-about-education,"üê¥ Dave Ramsey: ""We're fools about education""","The college question isn't yes/no, it's ""what am I getting for what I'm paying?"" PLUS: The financial education curriculum that schools aren't teaching",daily
/blog/everyone-said-hed-fail-he-didnt,üê¥ Everyone said he‚Äôd fail. He didn‚Äôt.,"Could fitness culture make a comeback in schools? Plus: a better way to teach essays, and a math tutor used by 8 million people.",daily
/blog/from-tree-houses-to-chicken-coops---learning-by-doing,üê¥ From tree houses to chicken coops - learning by doing,The powerful template for math and science education hiding in your backyard...,daily
/blog/george-washingtons-epic-failure,üê¥ George Washington's epic failure,George Washington accidentally started a world war. PLUS: Why Hollywood's gatekeepers are losing power.,daily
/blog/great-writers-think-first,üê¥ Great writers think first,Why exceptional writing starts with stronger thinking. PLUS: The happiness curve has completely inverted for today's youth‚Äîwhat it means for education.,daily
/blog/hands-on-learning-backyard-chickens-edition,üê¥ Hands-on learning (backyard chickens edition),"Backyard chickens for homeschool: Teach math, science, and business skills through hands-on chicken keeping. Get our complete starter guide and resources.",daily
/blog/handy-guide-to-free-curriculum,üê¥ Handy guide to free curriculum,How to optimize home education (without breaking the bank). PLUS: The cure for self-doubt.,daily
/blog/he-let-his-kids-skip-school-they-still-made-student-council,üê¥ He let his kids skip school. They still made student council.,,daily
/blog/high-school-juniors-landing-70k-jobs,üê¥ High school juniors landing $70k jobs,Discover why dead ends might be your teen's most valuable learning experience. PLUS: Free career exploration tools beyond the traditional college route.,daily
/blog/his-tremor-tanked-his-art-then-it-made-him,üê¥ His Tremor Tanked His Art. Then It Made Him.,An artist embraced his 'fatal flaw.' PLUS: Montessori's identity crisis & why some parents are ditching school for good.,daily
/blog/how-a-100-000-bet-against-college-created-11-billion-dollar-companies,"üê¥ How a $100,000 bet against college created 11 billion-dollar companies","Harvard requires 32 credits to graduate, but how many do you actually need for success? PLUS: OpenEd is coming to Minnesota! Tell a friend.",daily
/blog/how-savvy-parents-are-tutoring-their-kids,üê¥ How savvy parents are tutoring their kids,The counterintuitive way to boost your child's reading progress. PLUS: Free reading assessment to know exactly what level they're at.,daily
/blog/how-to-live-a-fulfilled-life-136,üê¥ How to live a fulfilled life. (#136),Lessons from a high school graduation speech. Plus: how Kansas is reinventing public education.,daily
/blog/the-150k-teenage-side-hustle-119-db76,üê¥ How to make movies (without a $200k degree) (#119),"From Angel Studios to YouTube success stories, homeschooled creators are reshaping the entertainment industry. Plus: The complete filmmaker starter pack for teens.",daily
/blog/is-homeschooling-the-wrong-word-when-you-re-only-home-3-hours-a-day,üê¥ Is 'Homeschooling' the wrong word (when you're only home 3 hours a day)?,"Veteran homeschool mom of five reveals why ""homeschooling"" is actually a misnomer. PLUS: How prioritizing emotional wellbeing transformed her special needs children & the surprising truth about diplom",daily
/blog/is-college-the-only-path-to-success,üê¥ Is college the only path to success?,"The definition of ""career-ready"" is changing fast. Are we keeping up? PLUS: Standardized tests are back, and top tools for charting your own course.",daily
/blog/its-here,üê¥ It's here üéâ,Get your copy of Open Education for 99 cents (launch day only),daily
/blog/kids-begged-for-more-math-when-teachers-did-this,üê¥ Kids begged for more math when teachers did this.,"A simple grouping trick transforms math learning. PLUS: Why modeling self-care matters, and new data in the nature vs. nurture debate.",daily
/blog/march-2020-the-month-that-changed-everything-124,üê¥ March 2020: The Month That Changed Everything (#124),"When every parent became a homeschooler (even if just for two weeks), education changed forever...",daily
/blog/mark-twain-summer-reading-edition,üê¥ Mark Twain summer reading edition,"Who really said, ‚ÄúDon‚Äôt let school interfere with your education‚Äù? Plus: deepfakes in school, why fidgeting helps learning, and our favorite Mark Twain picks for summer.",daily
/blog/minnesota-and-iowa-12-podcasts-for-busy-parents,üê¥ Minnesota AND Iowa?? (+ 12 podcasts for busy parents),OpenEd is expanding to Iowa and Minnesota! Plus: Adam Savage exposes why tests miss real learning & 12 education podcasts to transform driving time into a learning opportunity.,daily
/blog/mixed-age-learning-takes-off-131,üê¥ Mixed-age learning takes off (#131),Multi-Age Learning Enters the Mainstream. Plus: A look at how mixing ages creates magic (and why separating them was a military idea in the first place).,daily
/blog/mythbusting-one-size-fits-all,üê¥ Mythbusting 'one size fits all',"MythBusters host Adam Savage's epic rant against standardized schooling. PLUS: Paper beats screens, movement beats sitting, and other surprises from this week.",daily
/blog/nobel-prize-winner-i-dont-believe-in-honors,"üê¥ Nobel Prize winner: ""I don't believe in honors""","Nobel physicist Richard Feynman's rejection of external validation offers a powerful lesson for education. PLUS: What's really happening at the Department of Education, and how to navigate a massive h",daily
/blog/open-education-the-book-launch-countdown-begins,üê¥ Open Education: The Book Launch Countdown Begins,"Mark your calendars! On May 13, Matt Bowman and Isaac Morehouse will launch their new book, *Open Education: How to Reimagine Learning, Ignite Curiosity, and Prepare Your Kids for Success.",daily
/blog/opened-academy-the-school-that-adapts-to-your-child-not-the-other-way-around,üê¥ OpenEd Academy: the school that adapts to YOUR child (not the other way around),Introducing our new virtual private school‚Äînationwide enrollment now open! Plus: $100 free Outschool credits,daily
/blog/parents-as-curators-not-classroom-instructors,"üê¥ Parents as curators, not classroom instructors",The evolution of modern homeschooling. PLUS: Michelle Rhee's teaching transformation.,daily
/blog/personal-tutors-for-all-sal-khans-latest-promise,üê¥ Personal tutors for all (Sal Khan's latest promise),Khan Academy's AI tutoring tool makes big claims. Plus: How to know what's in your child's books before they read them.,daily
/blog/print-your-own-diploma-weekly-roundup,üê¥ Print Your Own Diploma (Weekly Roundup),"From valedictorian's empty victory to homeschool diplomas at the Mayo Clinic, why traditional credentials matter less than you think...",daily
/blog/print-books-beat-screens-for-memory,üê¥ Print books beat screens for memory,"What the NASA blooper reel says about real learning. PLUS: Why paper beats pixels, and Orwell's writing secret.",daily
/blog/protecting-the-internal-spark,"üê¥ Protecting the ""Internal Spark""","From calculator protests to Nobel Prize winners, what history teaches us about the tools (and fears) that shape education...",daily
/blog/screens-have-taken-over-classrooms,üê¥ Screens have taken over classrooms,,daily
/blog/shakespeare-at-8-a-neuroscientist-explains-132,üê¥ Shakespeare at 8? A neuroscientist explains (#132),"Dr. Claire Honeycutt explains why complex learning - from Shakespeare to theoretical math - might be exactly what young brains need. Plus, the two opposite books every parent should read.",daily
/blog/silicon-valley-s-education-secret-is-leaking-and-it-s-not-coding,üê¥ Silicon Valley's education secret is leaking (and it's not coding),"When Silicon Valley elites abandon private schools for custom education, what do they know that we don't? PLUS: The free tool making personalized learning accessible to everyone.",daily
/blog/skip-college-these-teens-already-have-their-degrees-130,üê¥ Skip College? These Teens Already Have Their Degrees (#130),How some ambitious students are getting college degrees before finishing high school - plus your guide to the $5k youth entrepreneur competition,daily
/blog/skip-stanford-buy-a-business-the-new-success-formula-118,"üê¥ Skip Stanford, Buy a Business: The New Success Formula (#118)","The unexpected path from honey to geometry, why plumbers might be the new tech bros, and the secret sauce for spelling success.",daily
/blog/steve-jobs-cut-70-of-products-it-saved-apple,üê¥ Steve Jobs cut 70% of products. It saved Apple.,How brutal simplicity led to the turnaround of the century. PLUS: Why schools fail entrepreneurs every day.,daily
/blog/stop-overscheduling-your-child-s-learning,üê¥ Stop overscheduling your child's learning,"Overwhelmed with homeschooling? This 20-minute method could help. PLUS: $5,000 Youth Entrepreneur Award deadline approaching March 15th!",daily
/blog/stop-raising-well-rounded-kids,üê¥ Stop raising well-rounded kids,"""I don't want a well-rounded kid,"" says career expert Ken Coleman. The world pays for sharp edges, not blunt tools. PLUS: The parenting shift that's creating anxious kids.",daily
/blog/study-like-a-lion-not-like-a-cow,"üê¥ Study like a lion, not like a cow",82% of students can't do math at grade level despite billions in funding. PLUS: A free alternative to paid content screening tools.,daily
/blog/textbooks-vs-chromebooks,üê¥ Textbooks vs. Chromebooks,,daily
/blog/the-150k-teenage-side-hustle-119,üê¥ The $150k teenage side-hustle (#119),Meet the 17-year-old who turned a gardening project into a six-figure business. Plus: why being bored in high school doesn't mean college is the answer.,daily
/blog/the-200-year-old-mistake-were-still-making,üê¥ The 200-year-old mistake we're still making,"A conversation with Matt Bowman and Isaac Morehouse on the history of schooling, standardization, and the power of ""not yet""",daily
/blog/the-3-day-school-week-116,üê¥ The 3-day school week (#116),Meet the former principal suggesting we've got the high school schedule all wrong,daily
/blog/the-3-part-remedy-for-burnout,üê¥ The 3-part remedy for burnout,"Homeschool coach Meg Thomas shares why connection beats curriculum, plus decluttering for calmer kids, screen-time regulation insights, and 3 tools.",daily
/blog/the-3-4-gpa-student-who-couldnt-read,üê¥ The 3.4 GPA Student Who Couldn't Read,A shocking case from Tennessee reveals how a student graduated with honors but couldn't read his own diploma. Plus: Why mastery-based learning might be the solution.,daily
/blog/the-4-minute-video-that-teaches-quadratic-equations-better-than-most-schools,üê¥ The 4-minute video that teaches quadratic equations better than most schools,"This simple lo-fi video has racked up 4.4M views by making ""completing the square"" actually make sense. PLUS: Why Barbara Corcoran says her dyslexia was the secret to her success, and the mathematical",daily
/blog/the-5-step-formula-for-burnout-117,üê¥ The 5-step formula for burnout (#117),The AI teaching experiment that backfired. Plus; drone-piloting field trips?,daily
/blog/the-hidden-power-of-feedback-loops-123,üê¥ The Hidden Power of Feedback Loops (#123),Discover how shrinking the gap between action and feedback revolutionizes education - from skate parks to classrooms. Plus: Your guide to college-ready transcripts.,daily
/blog/the-simple-formula-behind-reading-success-141,üê¥ The Simple Formula Behind Reading Success (#141),"Reading success isn‚Äôt magic‚Äîit‚Äôs math. Miss one key piece, and comprehension crumbles. PLUS: Why phonics isn‚Äôt enough and a free toolkit to help kids catch up.",daily
/blog/the-tebow-effect-when-being-different-pays-off,üê¥ The Tebow Effect (when being different pays off),"Tim Tebow reveals how homeschooling shaped his success and why being ""different"" can be a strength. PLUS: Simple transcript solutions and why our education system punishes what the real world rewards.",daily
/blog/the-case-for-more-screens,üê¥ The case for MORE screens?,"""Not all screen time is created equal,"" says Outschool CEO. See why the distinction matters, and which classes are revolutionizing how kids learn. PLUS: Dave Ramsey's ""worth test"" for college.",daily
/blog/the-cure-for-childhood-entitlement,üê¥ The cure for childhood entitlement,Matt Bowman goes LIVE with Coach Meg Thomas TODAY at 11am MT. PLUS: The surprising brain science behind teen happiness,daily
/blog/the-factory-model-of-education-is-dying,üê¥ The factory model of education is dying,The surprising reason 40% of students are leaving traditional schools. PLUS: the video game that's teaching kids to overcome frustration...,daily; podcast
/blog/the-false-choice,üê¥ The false choice,"Education is moving past the school/homeschool binary. See the 220% microschool rise, hybrid models, and research-backed early literacy tools.",daily
/blog/the-four-types-of-screen-time,üê¥ The four types of screen time,A smarter way to judge screen time. PLUS: SAT tests are back & libraries fund startups.,daily
/blog/the-morning-routine-that-s-tearing-families-apart-138,üê¥ The morning routine that's tearing families apart (#138),"Naval Ravikant's provocative clip about family schedules has parents asking tough questions. Plus: How ""educational architects"" are building better alternatives, and a simple two-question reset for st",daily
/blog/this-education-trend-has-seen-a-220-increase,üê¥ This education trend has seen a 220% increase,(Hint: it's microschooling) PLUS: Tonight's rare planetary alignment & Feynman's technique for true learning.,daily
/blog/this-school-let-its-students-design-the-campus-137,üê¥ This school let its students design the campus. (#137),"Why choosing your educational ""gaps"" matters more than finding the perfect school. Plus: what happened when the Forest School asked its students to design its new campus",daily
/blog/tomorrow-break-free-from-one-size-fits-all-education-special-book-launch,üê¥ Tomorrow: Break Free from One-Size-Fits-All Education (Special Book Launch!),Learn how to design a personalized learning journey that celebrates your child's uniqueness. PLUS: Exclusive launch bonuses available tomorrow only!,daily
/blog/twain-was-right-dont-let-schooling-interfere-with-your-education,üê¥ Twain was right: Don't let schooling interfere with your education,The 200-year-old system is cracking. Here's what's replacing it. PLUS: Why Gen Z is saying no to alcohol (and yes to clarity).,daily
/blog/valedictorian-s-confession-that-s-it-the-empty-feeling-at-the-top,üê¥ Valedictorian's Confession: 'That's It?' (The Empty Feeling at the Top),How a valedictorian's moment of glory turned into an unexpected lesson on what truly matters. PLUS: Why grading less could transform education & documentary gems that bring learning to life.,daily
/blog/we-need-to-talk-about-educational-autopilot,üê¥ We need to talk about educational autopilot,Connor Boyack exposes the conveyor belt trap. PLUS: Teen CEOs building empires before they can drive...,daily
/blog/weekly-roundup-a-brief-guide-to-building-educational-micro-communities,üê¥ Weekly Roundup: A Brief Guide to Building Educational Micro-communities,Discover how micro-communities and specialized educators are reshaping personalized education. PLUS: A free life hack to vet YouTube videos and podcasts for inappropriate content.,daily
/blog/weekly-roundup-how-to-build-a-self-managing-family-from-a-mom-of-7,üê¥ Weekly Roundup: How to build a 'self-managing family' (from a mom of 7),"From AI tutors to Miyazaki-style family photos, what our fascination with artificial creativity reveals about being human...",daily
/blog/weekly-roundup-teen-success-stories-120,üê¥ Weekly Roundup: Teen Success Stories (#120),"From garden boxes to plumbing companies, why some ambitious teens are choosing Main Street over student loans...",daily
/blog/weekly-roundup-the-college-roi-question,üê¥ Weekly Roundup: The College ROI Question,From tech layoffs to degree-free hiring: How the returns on a traditional college education have changed. PLUS: Alternative career paths for smart teens.,daily
/blog/weekly-roundup-when-good-grades-hide-systemic-failure,üê¥ Weekly Roundup: When Good Grades Hide Systemic Failure,From a 3.4 GPA student who couldn't read to why Silicon Valley's education secret is finally leaking out... PLUS: The AI tool that matches your child with the perfect curriculum in minutes.,daily
/blog/what-happens-when-a-school-actually-trusts-parents,üê¥ What happens when a school actually trusts parents?,Teresa King reveals education's trust problem. PLUS: OpenEd teachers share genius work-from-home hacks.,daily
/blog/what-happens-when-kids-care,üê¥ What happens when kids care?,Why motivation beats mandates every time. Plus: Homeschooling goes mainstream + science-backed learning,daily
/blog/what-lawnmowers-and-baby-cows-can-teach-us,üê¥ What lawnmowers and baby cows can teach us,"""The 50 Yard Challenge"" turns lawn mowing into life-changing lessons for kids 8-17. PLUS: What Japanese first-graders and a calf named Laura teach us about natural learning.",daily
/blog/when-sit-still-stops-working,üê¥ When 'sit still!' stops working,,daily
/blog/when-weird-wins-129,üê¥ When 'weird' wins (#129),A $5k Prize for Teen Entrepreneurs. Plus: Kid-run markets are taking over America,daily
/blog/when-brain-science-meets-education-135,üê¥ When brain science meets education (#135),"A tenured professor walks away from academia to revolutionize learning, mixed-age classrooms take off, and classical education gets a modern twist...",daily
/blog/why-weird-kids-win-in-adulthood,üê¥ Why 'weird' kids win in adulthood,"Award-winning educator T.K. Coleman reveals why ""weird"" might be your child's superpower. PLUS: The real reason traditionally-schooled kids struggle in adulthood & how artificial age-segregation limit",daily
/blog/why-ansel-adams-father-pulled-him-out-of-school,üê¥ Why Ansel Adams' father pulled him out of school,"When Ansel Adams was 12, his father pulled him from school and gave him a pass to the World's Fair instead. The result? One of America's most celebrated artists. Plus: what kindergartners really need ",daily
/blog/why-boys-are-falling-behind-126,üê¥ Why Boys Are Falling Behind (#126),From movement-based microschools to the science of paper vs. screens. Plus: Is a new AI reading app promising second-grade reading levels for toddlers worth the $500/month price tag?,daily
/blog/why-john-taylor-gatto-quit,üê¥ Why John Taylor Gatto Quit,An award-winning teacher reveals why he quit at the peak of his career. PLUS: Why phonics isn't enough to improve reading scores & 5 mental razors for better educational decisions.,daily
/blog/why-most-kids-hate-math-and-how-to-fix-it,üê¥ Why Most Kids Hate Math (and How to Fix It),Most kids don't actually hate numbers‚Äîthey hate how we teach them. PLUS: Three tools that make math finally click.,daily
/blog/why-art-history-grads-are-beating-engineers,üê¥ Why art history grads are beating engineers,The market‚Äôs shifting. Soft skills are back. PLUS: Matt Bowman's 3 C's for faster learning.,daily
/blog/why-do-we-focus-on-the-10-when-kids-remember-95,üê¥ Why do we focus on the 10% (when kids remember 95%)?,Why teaching beats studying; an AI tutor that never judges. PLUS: Free Harvard courses.,daily
/blog/why-kids-forget-what-they-learn-in-textbooks,üê¥ Why kids forget what they learn in textbooks,Connor Boyack ‚Äì the Tuttle Twins creator ‚Äì on why storytelling makes learning sticks where lesson plans often fail...,daily
/blog/why-kids-lose-their-love-of-learning-134,üê¥ Why kids lose their love of learning (#134),How an Australian rebel is reshaping American education. Plus: The framework that puts students in charge of their learning journey.,daily
/blog/why-learning-should-look-like-failing,üê¥ Why learning should look like failing,"Seth Godin reveals why mistakes are essential to real learning. PLUS: The startling math about how little time you have with your kids, and turning family photos into Studio Ghibli art.",daily
/blog/why-our-book-hit-1-hint-thanks-to-you,üê¥ Why our book hit #1 (hint: thanks to you),"Plus free ""Ed the horse"" t-shirt for book reviewers!",daily
/blog/why-the-trades-pay-6-figures,üê¥ Why the trades pay 6 figures,Just 1.5% of Americans feed 300 million people. See how the skilled trades shortage creates opportunity. PLUS: $2.5 million in scholarships for people willing to work.,daily
/blog/why-your-explanations-aren-t-clicking-and-the-simple-fix,üê¥ Why your explanations aren't clicking (and the simple fix),How showing what something ISN'T creates faster understanding than showing what it IS.,daily
/blog/will-there-be-no-more-great-physicists,üê¥ Will there be no more great physicists?,Nobel laureate Richard Feynman's warning about standardized education. PLUS: A simple technique to test your child's actual understanding.,daily
/blog/don-t-start-with-the-chalkboard-1-34ac,"üê¥ Yes, you are enough",OpenEd is coming to Indiana! PLUS: the doubt that stops some parents from pursuing an open education.,daily
/blog/your-child-isnt-broken-but-their-chair-might-be,üê¥ Your child isn't broken (but their chair might be),Traditional schools diagnose fidgety kids. Smart parents redesign their environment instead. PLUS: How to build a complete learning haven for under $100.,daily
/blog/mailbag-need-diploma-success,üì¨ Mailbag: Do You Need a Diploma for Success?,One parent's dilemma sparks a discussion on non-traditional paths to college and career success. Plus: How our CEO got into college without a diploma!,daily
/blog/the-hidden-psychology-of-education-shamers-112,ü¶â The hidden psychology of education shamers (#112),Why do some people get so defensive about your educational choices? Plus: alarming new data about classroom behavior has teachers speaking out. And: explore 200 years of Smithsonian treasures from you,daily
/blog/when-parents-go-to-jail-for-wanting-better-schools-111,ü¶â When parents go to jail for wanting better schools (#111),A mom spent 10 days in jail for using her dad's address to access better schools. Here's how states are finally fixing this broken system...,daily
/blog/is-your-child-using-outdated-study-habits-113,ü¶âIs your child using outdated study habits? (#113),Two research-backed strategies that actually work (plus why half a million Florida students are going micro),daily
